848246625291186500,
848246625291286100,
848246625291386800,
848246625291486400,
848246625291586000,
848246625291686700,
848246625291786300,
848246625291886100,
848246625291986600,
848246625292086400,
848246625292186000,
848246625292286700,
848246625292386300,
848246625292486100,
848246625292586600,
848246625292686200,
848246625292786900,
848246625292886500,
848246625292986100,
848246625293086100,
848246625293186600,
848246625293286200,
848246625293386900,
848246625293486500,
848246625293586100,
848246625293686800,
848246625293786400,
848246625293886000,
848246625293986700,
848246625294086500,
848246625294186100,
848246625294286800,
848246625294386400,
848246625294486000,
848246625294586700,
848246625294686300,
848246625294786100,
848246625294886600,
848246625294986200,
848246625295086000,
848246625295186700,
848246625295286300,
848246625295386100,
848246625295486600,
848246625295586200,
848246625295686900,
848246625295786500,
848246625295886100,
848246625295986800,
848246625296086600,
848246625296186200,
848246625296286900,
848246625296386500,
848246625296486100,
848246625296586800,
848246625296686400,
848246625296786000,
848246625296886700,
848246625296986300,
848246625297086100,
848246625297186800,
848246625297286400,
848246625297386000,
848246625297486700,
848246625297586300,
848246625297686100,
848246625297786600,
848246625297886200,
848246625297986900,
848246625298086700,
848246625298186300,
848246625298286100,
848246625298386600,
848246625298486200,
848246625298586900,
848246625298686500,
848246625298786100,
848246625298886800,
848246625298986400,
848246625299086200,
848246625299186900,
848246625299286500,
848246625299386100,
848246625299486800,
848246625299586400,
848246625299686000,
848246625299786700,
848246625299886300,
848246625299986100,
848246625300086600,
848246625300186200,
848246625300286900,
848246625300386500,
848246625300486100,
848246625300586800,
848246625300686400,
848246625300786000,
848246625300886700,
848246625300986300,
848246625301086100,
848246625301186800,
848246625301286400,
848246625301386000,
848246625301486700,
848246625301586300,
848246625301686100,
848246625301786600,
848246625301886200,
848246625301986900,
848246625302086700,
848246625302186300,
848246625302286100,
848246625302386600,
848246625302486200,
848246625302586900,
848246625302686500,
848246625302786100,
848246625302886800,
848246625302986400,
848246625303086200,
848246625303186900,
848246625303286500,
848246625303386100,
848246625303486800,
848246625303586400,
848246625303686000,
848246625303786700,
848246625303886300,
848246625303986100,
848246625304086800,
848246625304186400,
848246625304286000,
848246625304386700,
848246625304486300,
848246625304586100,
848246625304686600,
848246625304786200,
848246625304886900,
848246625304986500,
848246625305086300,
848246625305186100,
848246625305286600,
848246625305386200,
848246625305486900,
848246625305586500,
848246625305686100,
848246625305786800,
848246625305886400,
848246625305986000,
848246625306086900,
848246625306186500,
848246625306286100,
848246625306386800,
848246625306486400,
848246625306586000,
848246625306686700,
848246625306786300,
848246625306886100,
848246625306986600,
848246625307086400,
848246625307186000,
848246625307286700,
848246625307386300,
848246625307486100,
848246625307586600,
848246625307686200,
848246625307786900,
848246625307886500,
848246625307986100,
848246625308086100,
848246625308186600,
848246625308286200,
848246625308386900,
848246625308486500,
848246625308586100,
848246625308686800,
848246625308786400,
848246625308886000,
848246625308986700,
848246625309086500,
848246625309186100,
848246625309286800,
848246625309386400,
848246625309486000,
848246625309586700,
848246625309686300,
848246625309786100,
848246625309886600,
848246625309986200,
848246625310086000,
848246625310186700,
848246625310286300,
848246625310386100,
848246625310486600,
848246625310586200,
848246625310686900,
848246625310786500,
848246625310886100,
848246625310986800,
848246625311086600,
848246625311186200,
848246625311386500,
848246625311286900,
848246625311486100,
848246625311586800,
848246625311686400,
848246625311786000,
848246625311886700,
848246625311986300,
848246625312086100,
848246625312186800,
848246625312286400,
848246625312386000,
848246625312486700,
848246625312586300,
848246625312686100,
848246625312786600,
848246625312886200,
848246625312986900,
848246625313086700,
848246625313186300,
848246625313286100,
848246625313386600,
848246625313486200,
848246625313586900,
848246625313686500,
848246625313786100,
848246625313886800,
848246625313986400,
848246625314086200,
848246625314186900,
848246625314286500,
848246625314386100,
848246625314486800,
848246625314586400,
848246625314686000,
848246625314786700,
848246625314886300,
848246625314986100,
848246625315086800,
848246625315186400,
848246625315286000,
848246625315386700,
848246625315486300,
848246625315586100,
848246625315686600,
848246625315786200,
848246625315886900,
848246625315986500,
848246625316086300,
848246625316186100,
848246625316286600,
848246625316386200,
848246625316486900,
848246625316586500,
848246625316686100,
848246625316886400,
848246625316786800,
848246625316986000,
848246625317086900,
848246625317186500,
848246625317286100,
848246625317386800,
848246625317486400,
848246625317586000,
848246625317686700,
848246625317786300,
848246625317886100,
848246625317986600,
848246625318086400,
848246625318186000,
848246625318286700,
848246625318386300,
848246625318486100,
848246625318586600,
848246625318686200,
848246625318786900,
848246625318886500,
848246625318986100,
848246625319086100,
848246625319186600,
848246625319286200,
848246625319386900,
848246625319486500,
848246625319586100,
848246625319686800,
848246625319786400,
848246625319886000,
848246625319986700,
848246625320086500,
848246625320186100,
848246625320286800,
848246625320386400,
848246625320486000,
848246625320586700,
848246625320686300,
848246625320786100,
848246625320886600,
848246625320986200,
848246625321086000,
848246625321186700,
848246625321286300,
848246625321386100,
848246625321486600,
848246625321586200,
848246625321686900,
848246625321786500,
848246625321886100,
848246625321986800,
848246625322086600,
848246625322186200,
848246625322286900,
848246625322386500,
848246625322486100,
848246625322586800,
848246625322686400,
848246625322786000,
848246625322886700,
848246625322986300,
848246625323086100,
848246625323186800,
848246625323286400,
848246625323386000,
848246625323486700,
848246625323586300,
848246625323686100,
848246625323786600,
848246625323886200,
848246625323986900,
848246625324086700,
848246625324186300,
848246625324286100,
848246625324386600,
848246625324486200,
848246625324586900,
848246625324686500,
848246625324786100,
848246625324886800,
848246625324986400,
848246625325086200,
848246625325186900,
848246625325286500,
848246625325386100,
848246625325486800,
848246625325586400,
848246625325686000,
848246625325786700,
848246625325886300,
848246625325986100,
848246625326086800,
848246625326186400,
848246625326286000,
848246625326386700,
848246625326486300,
848246625326586100,
848246625326686600,
848246625326786200,
848246625326886900,
848246625326986500,
848246625327086300,
848246625327186100,
848246625327286600,
848246625327386200,
848246625327486900,
848246625327586500,
848246625327686100,
848246625327786800,
848246625327886400,
848246625327986000,
848246625328086900,
848246625328186500,
848246625328286100,
848246625328386800,
848246625328486400,
848246625328586000,
848246625328686700,
848246625328786300,
848246625328886100,
848246625328986600,
848246625329086400,
848246625329186000,
848246625329286700,
848246625329386300,
848246625329486100,
848246625329586600,
848246625329686200,
848246625329786900,
848246625329886500,
848246625329986100,
848246625330086100,
848246625330186600,
848246625330286200,
848246625330386900,
848246625330486500,
848246625330586100,
848246625330686800,
848246625330786400,
848246625330886000,
848246625330986700,
848246625331086500,
848246625331186100,
848246625331286800,
848246625331386400,
848246625331486000,
848246625331586700,
848246625331786100,
848246625331686300,
848246625331886600,
848246625331986200,
848246625332086000,
848246625332186700,
848246625332286300,
848246625332386100,
848246625332486600,
848246625332586200,
848246625332686900,
848246625332786500,
848246625332886100,
848246625332986800,
848246625333086600,
848246625333186200,
848246625333286900,
848246625333386500,
848246625333486100,
848246625333586800,
848246625333686400,
848246625333786000,
848246625333886700,
848246625333986300,
848246625334086100,
848246625334186800,
848246625334286400,
848246625334386000,
848246625334486700,
848246625334586300,
848246625334686100,
848246625334786600,
848246625334886200,
848246625334986900,
848246625335086700,
848246625335186300,
848246625335286100,
848246625335386600,
848246625335486200,
848246625335586900,
848246625335686500,
848246625335786100,
848246625335886800,
848246625335986400,
848246625336086200,
848246625336186900,
848246625336286500,
848246625336386100,
848246625336486800,
848246625336586400,
848246625336686000,
848246625336786700,
848246625336886300,
848246625336986100,
848246625337086800,
848246625337186400,
848246625337286000,
848246625337386700,
848246625337486300,
848246625337586100,
848246625337686600,
848246625337786200,
848246625337886900,
848246625337986500,
848246625338086300,
848246625338186100,
848246625338286600,
848246625338386200,
848246625338486900,
848246625338586500,
848246625338686100,
848246625338786800,
848246625338886400,
848246625338986000,
848246625339086900,
848246625339186500,
848246625339286100,
848246625339386800,
848246625339486400,
848246625339586000,
848246625339686700,
848246625339786300,
848246625339986600,
848246625339886100,
848246625340086400,
848246625340186000,
848246625340286700,
848246625340386300,
848246625340486100,
848246625340586600,
848246625340686200,
848246625340786900,
848246625340886500,
848246625340986100,
848246625341086100,
848246625341186600,
848246625341286200,
848246625341386900,
848246625341486500,
848246625341586100,
848246625341686800,
848246625341786400,
848246625341886000,
848246625341986700,
848246625342086500,
848246625342186100,
848246625342286800,
848246625342386400,
848246625342486000,
848246625342586700,
848246625342686300,
848246625342786100,
848246625342886600,
848246625342986200,
848246625343086000,
848246625343186700,
848246625343286300,
848246625343386100,
848246625343486600,
848246625343586200,
848246625343686900,
848246625343786500,
848246625343886100,
848246625343986800,
848246625344086600,
848246625344186200,
848246625344286900,
848246625344386500,
848246625344486100,
848246625344586800,
848246625344686400,
848246625344786000,
848246625344886700,
848246625344986300,
848246625345086100,
848246625345186800,
848246625345286400,
848246625345386000,
848246625345486700,
848246625345586300,
848246625345686100,
848246625345786600,
848246625345886200,
848246625345986900,
848246625346086700,
848246625346186300,
848246625346286100,
848246625346386600,
848246625346486200,
848246625346586900,
848246625346686500,
848246625346786100,
848246625346886800,
848246625346986400,
848246625347086200,
848246625347186900,
848246625347286500,
848246625347386100,
848246625347486800,
848246625347586400,
848246625347686000,
848246625347786700,
848246625347886300,
848246625347986100,
848246625348086800,
848246625348186400,
848246625348286000,
848246625348386700,
848246625348486300,
848246625348586100,
848246625348686600,
848246625348786200,
848246625348886900,
848246625348986500,
848246625349086300,
848246625349186100,
848246625349286600,
848246625349386200,
848246625349486900,
848246625349586500,
848246625349686100,
848246625349786800,
848246625349886400,
848246625349986000,
848246625350086900,
848246625350186500,
848246625350286100,
848246625350386800,
848246625350486400,
848246625350586000,
848246625350686700,
848246625350786300,
848246625350886100,
848246625350986600,
848246625351086400,
848246625351186000,
848246625351286700,
848246625351386300,
848246625351486100,
848246625351586600,
848246625351786900,
848246625351686200,
848246625351886500,
848246625351986100,
848246625352086100,
848246625352186600,
848246625352286200,
848246625352386900,
848246625352486500,
848246625352586100,
848246625352686800,
848246625352786400,
848246625352886000,
848246625352986700,
848246625353086500,
848246625353186100,
848246625353286800,
848246625353386400,
848246625353486000,
848246625353586700,
848246625353686300,
848246625353786100,
848246625353886600,
848246625353986200,
848246625354086000,
848246625354186700,
848246625354286300,
848246625354386100,
848246625354586200,
848246625354486600,
848246625354686900,
848246625354786500,
848246625354886100,
848246625354986800,
848246625355086600,
848246625355186200,
848246625355286900,
848246625355386500,
848246625355486100,
848246625355586800,
848246625355686400,
848246625355786000,
848246625355886700,
848246625355986300,
848246625356086100,
848246625356186800,
848246625356286400,
848246625356386000,
848246625356486700,
848246625356586300,
848246625356686100,
848246625356786600,
848246625356886200,
848246625356986900,
848246625357086700,
848246625357186300,
848246625357286100,
848246625357386600,
848246625357486200,
848246625357586900,
848246625357686500,
848246625357786100,
848246625357886800,
848246625357986400,
848246625358086200,
848246625358186900,
848246625358286500,
848246625358486800,
848246625358386100,
848246625358586400,
848246625358686000,
848246625358786700,
848246625358886300,
848246625358986100,
848246625359086800,
848246625359186400,
848246625359286000,
848246625359386700,
848246625359486300,
848246625359586100,
848246625359686600,
848246625359786200,
848246625359886900,
848246625359986500,
848246625360086300,
848246625360186100,
848246625360286600,
848246625360386200,
848246625360486900,
848246625360586500,
848246625360686100,
848246625360786800,
848246625360886400,
848246625360986000,
848246625361086900,
848246625361186500,
848246625361286100,
848246625361386800,
848246625361486400,
848246625361586000,
848246625361686700,
848246625361786300,
848246625361886100,
848246625361986600,
848246625362086400,
848246625362186000,
848246625362286700,
848246625362386300,
848246625362486100,
848246625362586600,
848246625362686200,
848246625362786900,
848246625362886500,
848246625362986100,
848246625363086100,
848246625363186600,
848246625363286200,
848246625363386900,
848246625363486500,
848246625363586100,
848246625363686800,
848246625363786400,
848246625363886000,
848246625363986700,
848246625364086500,
848246625364186100,
848246625364286800,
848246625364386400,
848246625364486000,
848246625364586700,
848246625364686300,
848246625364786100,
848246625364886600,
848246625364986200,
848246625365086000,
848246625365186700,
848246625365286300,
848246625365386100,
848246625365486600,
848246625365586200,
848246625365686900,
848246625365786500,
848246625365886100,
848246625365986800,
848246625366086600
